{"train_acc": 10.0138, "val_acc": 9.95, "test_acc": 10.0, "train_loss": 0.07379065267532106, "val_loss": 0.07437000274658204, "test_loss": 0.07438562774658203, "_timestamp": 1712329485.506057, "_runtime": 867.6952829360962, "_step": 1}