{"train_acc": 10.4388, "val_acc": 8.65, "test_acc": 10.0, "train_loss": 0.0736365508460927, "val_loss": 0.0747842811346054, "test_loss": 0.07432733452320099, "_timestamp": 1712262576.5879486, "_runtime": 448.05416655540466, "_step": 0}