{"train_acc": 10.1013, "val_acc": 9.4, "test_acc": 10.0, "train_loss": 0.03687399595226999, "val_loss": 0.03788622653484344, "test_loss": 0.03781591403484345, "_timestamp": 1712264731.9069111, "_runtime": 474.71723103523254, "_step": 0}