{"29": {"_type": "images/separated", "width": 1500, "height": 3000, "format": "png", "count": 1, "filenames": ["media/images/29_0_15aa2f667e855729968a.png"]}, "_timestamp": 1712419277.3898172, "_runtime": 10.040648221969604, "_step": 0, "_wandb": {"runtime": 6}}