{"29": {"_type": "images/separated", "width": 2000, "height": 3000, "format": "png", "count": 1, "filenames": ["media/images/29_0_08efb1cf8c79e84ec120.png"]}, "_timestamp": 1712417588.9376388, "_runtime": 10.493289709091187, "_step": 0, "_wandb": {"runtime": 7}}