{"train_acc": 9.8262, "val_acc": 10.75, "test_acc": 10.0, "train_loss": 0.0738492649277235, "val_loss": 0.07413562774658203, "test_loss": 0.07437000274658204, "_timestamp": 1712326765.2519166, "_runtime": 913.839412689209, "_step": 1}