{"train_acc": 20.6026, "val_acc": 20.7, "test_acc": 21.85, "train_loss": 0.06997805906096195, "val_loss": 0.07041959321498871, "test_loss": 0.07014193892478943, "_timestamp": 1712359309.0014129, "_runtime": 493.68684482574463, "_step": 0}