{"29": {"_type": "images/separated", "width": 2000, "height": 3000, "format": "png", "count": 1, "filenames": ["media/images/29_0_ac0c8734dee02c92f5db.png"]}, "_timestamp": 1712418465.7782695, "_runtime": 14.157520532608032, "_step": 0, "_wandb": {"runtime": 11}}