{"train_acc": 14.4143, "val_acc": 15.5, "test_acc": 16.9, "train_loss": 0.07174624313576726, "val_loss": 0.07213563764095307, "test_loss": 0.0720419191122055, "_timestamp": 1712361259.5998862, "_runtime": 920.7021551132202, "_step": 1}