{"train_acc": 15.8795, "val_acc": 18.0, "test_acc": 19.6, "train_loss": 0.03557314953813024, "val_loss": 0.0361105318069458, "test_loss": 0.03587090790271759, "_timestamp": 1712258997.3236406, "_runtime": 889.297979593277, "_step": 0}