{"29": {"_type": "images/separated", "width": 1500, "height": 3000, "format": "png", "count": 1, "filenames": ["media/images/29_0_3d6559fccee225177e97.png"]}, "_timestamp": 1712425794.7702527, "_runtime": 12.960609674453735, "_step": 0, "_wandb": {"runtime": 8}}