{"29": {"_type": "images/separated", "width": 2000, "height": 3000, "format": "png", "count": 1, "filenames": ["media/images/29_0_7d8cf845c2b80f2117f5.png"]}, "_timestamp": 1712417939.0348687, "_runtime": 10.077593803405762, "_step": 0, "_wandb": {"runtime": 7}}