{"29": {"_type": "images/separated", "width": 1500, "height": 3000, "format": "png", "count": 1, "filenames": ["media/images/29_0_33e82113f55a063a17dd.png"]}, "_timestamp": 1712418987.3281014, "_runtime": 10.002238512039185, "_step": 0, "_wandb": {"runtime": 7}}