{"29": {"_type": "images/separated", "width": 2000, "height": 3000, "format": "png", "count": 1, "filenames": ["media/images/29_0_f21ed387e8bd487e014f.png"]}, "_timestamp": 1712418495.3158665, "_runtime": 9.214341402053833, "_step": 0, "_wandb": {"runtime": 6}}