{"train_acc": 21.5527, "val_acc": 26.15, "test_acc": 27.1, "train_loss": 0.06990677163755615, "val_loss": 0.06930578005313873, "test_loss": 0.06907370996475219, "_timestamp": 1712487509.9205768, "_runtime": 430.7210738658905, "_step": 0, "_wandb": {"runtime": 428}}