{"train_acc": 9.8762, "val_acc": 9.45, "test_acc": 10.0, "train_loss": 0.018606175182908604, "val_loss": 0.018929831981658936, "test_loss": 0.018872800707817078, "_timestamp": 1712317730.4113753, "_runtime": 2335.0324873924255, "_step": 4, "_wandb": {"runtime": 2333}}