{"train_acc": 10.0638, "val_acc": 9.2, "test_acc": 10.0, "train_loss": 0.018580040971641766, "val_loss": 0.018951706886291504, "test_loss": 0.018886863231658935, "_timestamp": 1712328399.143462, "_runtime": 403.95231890678406, "_step": 0}