{"29": {"_type": "images/separated", "width": 2000, "height": 3000, "format": "png", "count": 1, "filenames": ["media/images/29_0_628d118649818048b5fa.png"]}, "_timestamp": 1712418524.8311465, "_runtime": 10.632188558578491, "_step": 0, "_wandb": {"runtime": 8}}