{"train_acc": 9.8012, "val_acc": 10.85, "test_acc": 10.0, "train_loss": 0.01861117523690286, "val_loss": 0.018822801113128663, "test_loss": 0.018886863231658935, "_timestamp": 1712263623.5500858, "_runtime": 848.0046837329865, "_step": 1}