{"29": {"_type": "images/separated", "width": 2000, "height": 3000, "format": "png", "count": 1, "filenames": ["media/images/29_0_f32991135fca6c1bca00.png"]}, "_timestamp": 1712417384.3249116, "_runtime": 13.387564659118652, "_step": 0, "_wandb": {"runtime": 9}}