{"train_acc": 21.8152, "val_acc": 26.8, "test_acc": 25.65, "train_loss": 0.06984917937792723, "val_loss": 0.06894133448600769, "test_loss": 0.06908553457260132, "_timestamp": 1712486279.7133985, "_runtime": 511.3637194633484, "_step": 0, "_wandb": {"runtime": 509}}