{"train_acc": 35.5919, "val_acc": 35.5, "test_acc": 28.15, "train_loss": 0.03278673215275452, "val_loss": 0.03351984977722168, "test_loss": 0.03469284033775329, "_timestamp": 1712387000.242443, "_runtime": 11991.174288034439, "_step": 24, "_wandb": {"runtime": 11989}}