{"train_acc": 18.1273, "val_acc": 18.65, "test_acc": 17.5, "train_loss": 0.01778483495129274, "val_loss": 0.018037304639816284, "test_loss": 0.01811874234676361, "_timestamp": 1712396133.6968932, "_runtime": 9117.144801139832, "_step": 19, "_wandb": {"runtime": 9115}}