{"train_acc": 9.8262, "val_acc": 10.65, "test_acc": 10.0, "train_loss": 0.01861127362666778, "val_loss": 0.018838425636291505, "test_loss": 0.018879832029342652, "_timestamp": 1712327906.3436658, "_runtime": 808.4223699569702, "_step": 1}