{"train_acc": 12.5766, "val_acc": 13.95, "test_acc": 12.65, "train_loss": 0.01802176960648142, "val_loss": 0.018189831256866455, "test_loss": 0.018200119018554686, "_timestamp": 1712360204.723488, "_runtime": 549.7406680583954, "_step": 0}