{"train_acc": 32.4666, "val_acc": 32.25, "test_acc": 31.2, "train_loss": 0.06645569030546161, "val_loss": 0.06691086000204086, "test_loss": 0.06742456823587417, "_timestamp": 1712364061.4377868, "_runtime": 2354.8488109111786, "_step": 4, "_wandb": {"runtime": 2353}}