{"train_acc": 21.2152, "val_acc": 20.6, "test_acc": 23.1, "train_loss": 0.01757668313242105, "val_loss": 0.017841594696044922, "test_loss": 0.017710793375968932, "_timestamp": 1712262094.2746363, "_runtime": 2526.544285297394, "_step": 4, "_wandb": {"runtime": 2524}}