{"train_acc": 10.2013, "val_acc": 9.2, "test_acc": 10.0, "train_loss": 0.03686612381728266, "val_loss": 0.037917476534843446, "test_loss": 0.03781591403484345, "_timestamp": 1712358429.1931212, "_runtime": 25252.675779104233, "_step": 4}