{"train_acc": 10.1388, "val_acc": 9.4, "test_acc": 10.0, "train_loss": 0.03687595257030038, "val_loss": 0.03788622653484344, "test_loss": 0.03781591403484345, "_timestamp": 1712318835.1904905, "_runtime": 934.0637454986572, "_step": 1, "_wandb": {"runtime": 932}}