{"train_acc": 12.8266, "val_acc": 12.0, "test_acc": 11.75, "train_loss": 0.018279612250649373, "val_loss": 0.01842017984390259, "test_loss": 0.018433310985565186, "_timestamp": 1712332890.3469045, "_runtime": 3186.2863194942474, "_step": 1}